Workbook

Sheet MASTER
A1: รูปภาพ | B1: รหัสสินค้า | C1: รูปแบบสินค้า | D1: ชื่อสินค้า | E1: สินค้าคงเหลือ | F1: Type | G1: Stock | H1: Min_Limit | I1: Note
A2: https://jst-yikan-picspace.oss-ap-southeast-1.aliyuncs.com/yikan/f49fa79052dc457caca04c526f9f2a9f.png | B2: SP001-สีชมพู | C2: SP001-สีชมพู | D2: ตู้เครื่องสำอาง | E2: 6 | F2: กลุ่ม ปกติ | H2: 0
A3: https://jst-yikan-picspace.oss-ap-southeast-1.aliyuncs.com/yikan/e572dba62dbb4b0b9bc579493ef9c0ca.jpg | B3: SP001-สีฟ้า | C3: SP001-สีฟ้า | D3: ตู้เครื่องสำอาง | E3: 40 | F3: กลุ่ม ปกติ | H3: 50
A4: https://jst-yikan-picspace.oss-ap-southeast-1.aliyuncs.com/yikan/f860e0c2c1a94d7e96c99b30ba029ac0.jpg | B4: SP002 | C4: SP002 | D4: เครื่องปั่นไฟฟ้า | E4: 12 | F4: กลุ่ม ปกติ | H4: 0
A5: https://jst-yikan-picspace.oss-ap-southeast-1.aliyuncs.com/yikan/8167fcb80ee948908844d72c001b77bb.jpg | B5: SP003 | C5: SP003 | D5: เหยือกน้ำญี่ปุ่น | E5: 58 | F5: กลุ่ม ปกติ | H5: 0
A6: https://jst-yikan-picspace.oss-ap-southeast-1.aliyuncs.com/yikan/c7d36c881e5844548a4a94d965c4c846.jpg | B6: SP004 | C6: SP004 | D6: ชุดหัวปั๊มสเเตนเลส | E6: 435 | F6: กลุ่ม ปกติ | H6: 0
A7: https://jst-yikan-picspace.oss-ap-southeast-1.aliyuncs.com/yikan/72ecc617fc27418685c7a91f07902e95.jpg | B7: SP005-30 ซม. | C7: SP005-30 ซม. | D7: ท่อต่อก็อกน้ำ | E7: 11 | F7: กลุ่ม ปกติ | H7: 0
A8: https://jst-yikan-picspace.oss-ap-southeast-1.aliyuncs.com/yikan/79405b05f7854c96915de8247bf4f907.jpg | B8: SP008 -สีดำ | C8: SP008 -สีดำ | D8: กระเป๋าสะพายข้าง | E8: 206 | F8: กลุ่ม ปกติ | H8: 0
A9: https://jst-yikan-picspace.oss-ap-southeast-1.aliyuncs.com/yikan/4b2b6ac8b15840b6a2899a9d66456a27.jpg | B9: SP008 -สีดำแถบทอง | C9: SP008 -สีดำแถบทอง | D9: กระเป๋าสะพายข้าง | E9: 456 | F9: กลุ่ม ปกติ | H9: 0
A10: https://jst-yikan-picspace.oss-ap-southeast-1.aliyuncs.com/yikan/281cfc249f6a4336bee6764201f76951.jpg | B10: SP008 -สีน้ำเงิน | C10: SP008 -สีน้ำเงิน | D10: กระเป๋าสะพายข้าง | E10: 143 | F10: กลุ่ม ปกติ | H10: 0
A11: https://jst-yikan-picspace.oss-ap-southeast-1.aliyuncs.com/yikan/d00688fd41a24ddbb1ec7c623e3436ec.jpg | B11: SP013 -สีเขียว | C11: SP013 -สีเขียว | D11: ที่วางช้อนส้อม | E11: 91 | F11: กลุ่ม ปกติ | H11: 0
A12: https://jst-yikan-picspace.oss-ap-southeast-1.aliyuncs.com/yikan/db90c580f95a4d02a1cbb457226ef383.jpg | B12: SP013 -สีเทา | C12: SP013 -สีเทา | D12: ที่วางช้อนส้อม | E12: 138 | F12: กลุ่ม ปกติ | H12: 0
A13: https://jst-yikan-picspace.oss-ap-southeast-1.aliyuncs.com/yikan/e2189ba2b4e5446babafdb09ff7cd8e2.jpg | B13: SP013 -สีขาว | C13: SP013 -สีขาว | D13: ที่วางช้อนส้อม | E13: 17 | F13: กลุ่ม ปกติ | H13: 0
... A635: https://jst-yikan-picspace.oss-ap-southeast-1.aliyuncs.com/yikan/3740d1651b7f4147823f41ad34705282.png | B635: SP589 | C635: SP589-1ชิ้น | D635: กระเป๋าใส่ผ้าเช็ดเเว่น Smash (SP589) | E635: -61 | F635: กลุ่ม SMASH | H635: 0
A636: https://jst-yikan-picspace.oss-ap-southeast-1.aliyuncs.com/yikan/aed86a9fba024c3fa0d1868a0c926617.png | B636: SP590-1ชิ้น | C636: SP590-1ชิ้น | D636: กล่องใส่ไหมขัดฟัน SP590-1ชิ้น | F636: กลุ่ม ปกติ | H636: 0
A637: https://jst-yikan-picspace.oss-ap-southeast-1.aliyuncs.com/yikan/b573a5d8323442aab3a52bc24d74584d.png | B637: SP591 | C637: SP591 | D637: สบู่ Y8 (SP591) | F637: กลุ่ม ปกติ | H637: 0
A638: https://jst-yikan-picspace.oss-ap-southeast-1.aliyuncs.com/yikan/28d9b20bdc1e44b099c98b360bae071d.png | B638: SP592 | C638: SP592 | D638: ครีม Y8 (SP592) | F638: กลุ่ม ปกติ | H638: 0
A639: https://jst-yikan-picspace.oss-ap-southeast-1.aliyuncs.com/yikan/68008b32675c475db6d71f78ca5e016b.png | B639: SP593 | C639: SP593 | D639: เซรั่ม Y8 (SP593) | F639: กลุ่ม ปกติ | H639: 0
A640: https://jst-yikan-picspace.oss-ap-southeast-1.aliyuncs.com/yikan/b09eafe9c8584931a627b121b2c401e9.png | B640: SP594 | C640: SP594 | D640: กันแดด Y8 (SP594) | F640: กลุ่ม ปกติ | H640: 0
A641: https://jst-yikan-picspace.oss-ap-southeast-1.aliyuncs.com/yikan/e6aad1b3c8d8423cbf34ca6940fd7097.png | B641: SP595-M | C641: SP595-M | D641: แผ่นรองฉี่หมา SP595 | F641: กลุ่ม ปกติ | H641: 0
A642: https://jst-yikan-picspace.oss-ap-southeast-1.aliyuncs.com/yikan/f797050c92a5471e99073c32b32fbcae.png | B642: SP595-XL | C642: SP595-XL | D642: แผ่นรองฉี่หมา SP595 | F642: กลุ่ม ปกติ | H642: 0
A643: https://jst-yikan-picspace.oss-ap-southeast-1.aliyuncs.com/yikan/32b483e5f9754261b143e54ae59d3851.png | B643: SP596-แดง | C643: SP596-แดง | D643: กิ๊บหนีบผม SP596 | F643: กลุ่ม ปกติ | H643: 0
A644: https://jst-yikan-picspace.oss-ap-southeast-1.aliyuncs.com/yikan/cb89a622bf344b91a4a5d3578abd59ff.png | B644: SP596-ขาว | C644: SP596-ขาว | D644: กิ๊บหนีบผม SP596 | F644: กลุ่ม ปกติ | H644: 0
A645: https://jst-yikan-picspace.oss-ap-southeast-1.aliyuncs.com/yikan/9c4a17c059ce45c9abe29decc62a4952.png | B645: SP596-ดำ | C645: SP596-ดำ | D645: กิ๊บหนีบผม SP596 | F645: กลุ่ม ปกติ | H645: 0
A646: https://jst-yikan-picspace.oss-ap-southeast-1.aliyuncs.com/yikan/0e00ea389bf541a382e56e35ff6481e0.png | B646: SP596-น้ำตาล | C646: SP596-น้ำตาล | D646: กิ๊บหนีบผม SP596 | F646: กลุ่ม ปกติ | H646: 0
A647: https://jst-yikan-picspace.oss-ap-southeast-1.aliyuncs.com/yikan/cb5d5b8f61154157a7aae2eed866035f.png | B647: SP597 | C647: SP597 | D647: อามิโน ลูทีน SP597 | F647: กลุ่ม อาหารเสริม | H647: 0
... A820: https://jst-yikan-picspace.oss-ap-southeast-1.aliyuncs.com/yikan/01ef043812e64bd9becf51efec47e47c.png | B820: SP545-6กล่อง | C820: SP545-6กล่อง | D820: ONE MORE (6กล่อง) SP545-6กล่อง | F820: กลุ่ม อาหารเสริม | H820: 0

Sheet LOGIN_LOG
A1: Timestamp | B1: Email
A2: 2026-01-05 13:01:58 | B2: stock@swiftpassion.net
A3: 2026-01-05 13:03:52 | B3: supanyastt@gmail.com
A4: 2026-01-05 19:13:29 | B4: moskerrycoco@gmail.com
A5: 2026-01-05 19:21:30 | B5: moskerrycoco@gmail.com
A6: 2026-01-05 19:30:50 | B6: moskerrycoco@gmail.com
A7: 2026-01-05 19:36:00 | B7: moskerrycoco@gmail.com
A8: 2026-01-05 19:46:58 | B8: moskerrycoco@gmail.com
A9: 2026-01-05 19:58:22 | B9: moskerrycoco@gmail.com
A10: 2026-01-06 04:59:34 | B10: moskerrycoco@gmail.com
A11: 2026-01-06 05:00:21 | B11: moskerrycoco@gmail.com
A12: 2026-01-06 05:00:45 | B12: moskerrycoco@gmail.com
... A165: 2026-01-24 13:30:21 | B165: supanyastt@gmail.com

Sheet PO_DATA
A1: รหัสสินค้า | B1: เลข PO | C1: ขนส่ง | D1: วันที่สั่งซื้อ | E1: วันที่ได้รับ | F1: ระยะเวลา | G1: จำนวน | H1: จำนวนที่ได้รับ | I1: ราคา/ชิ้น | J1: ราคา (หยวน) | K1: ราคา (บาท) | L1: เรทเงิน | M1: เรทค่าขนส่ง | N1: ขนาด (คิว) | O1: ค่าส่ง | P1: น้ำหนัก / KG | Q1: ราคา / ชิ้น (หยวน) | R1: SHOPEE | S1: LAZADA | T1: TIKTOK | U1: หมายเหตุ | V1: Link_Shop | W1: WeChat | X1: วันที่คาดว่าจะได้รับ
A2: SP358 | B2: YW0005475 | C2: ทางเรือ | D2: 2024-01-04 | E2: 2024-01-31 | F2: 27 | G2: 600 | H2: 600 | I2: 64.64 | J2: 6900 | K2: 34017 | L2: 4.93 | M2: 3100 | N2: 1.5368 | O2: 4764.08 | P2: 278.4 | Q2: 11.5 | R2: 159 | S2: 159 | T2: 179 | V2: https://shorturl.asia/zjPyg | X2: 2024-01-31
A3: SP358 | B3: YW0005475 | C3: ทางเรือ | D3: 2024-01-04 | E3: 2024-01-31 | F3: 27 | G3: 600 | H3: 600 | I3: 64.65 | J3: 6900 | K3: 38791 | L3: 4.93 | M3: 3100 | N3: 1.54 | O3: 4774 | P3: 278.4 | Q3: 11.5 | R3: 159 | S3: 159 | T3: 179 | V3: https://shorturl.asia/zjPyg | X3: 2024-01-31
A4: SP019 | B4: KEN0002543 | C4: ทางรถ | D4: 2024-01-04 | E4: 2024-01-07 | F4: 3 | G4: 10000 | H4: 10000 | I4: 14.4 | J4: 26480 | K4: 144013.2 | L4: 4.89 | M4: 5400 | N4: 2.69 | O4: 14526 | P4: 760 | Q4: 2.648 | R4: 69 | S4: 69 | T4: 69 | V4: https://shorturl.asia/7fvIm | W4: 13537969536 | X4: 2024-01-13
A5: SP019 | B5: KEN0002569 | C5: ทางรถ | D5: 2024-01-05 | E5: 2024-01-16 | F5: 11 | G5: 10000 | H5: 10000 | I5: 14.27 | J5: 26300 | K5: 128344 | L5: 4.88 | M5: 5400 | N5: 2.6627 | O5: 14378.58 | P5: 760 | Q5: 2.63 | R5: 69 | S5: 69 | T5: 69 | V5: https://shorturl.asia/7fvIm | W5: 13537969536 | X5: 2024-01-16
A6: SP079 | B6: KEN0002533-1 | C6: ทางรถ | D6: 2024-01-06 | E6: 2024-01-17 | F6: 11 | G6: 552 | H6: 552 | I6: 69 | J6: 6700 | K6: 33165 | L6: 4.95 | M6: 5400 | N6: 0.9114 | O6: 4921.56 | P6: 60 | Q6: 12.1377 | R6: 239 | S6: 239 | T6: 379 | X6: 2024-01-17
A7: SP108 | B7: KEN0002577 | C7: ทางรถ | D7: 2024-01-06 | E7: 2024-01-16 | F7: -722 | G7: 400 | H7: 400 | I7: 60.1 | J7: 4380 | K7: 21681 | L7: 4.95 | M7: 5400 | N7: 0.4371 | O7: 2360.34 | P7: 82 | Q7: 10.95 | R7: 159 | S7: 159 | T7: 169 | X7: 2024-01-16
A8: SP067 | B8: KEN0002532 | C8: ทางรถ | D8: 2024-01-06 | E8: 2024-01-17 | F8: 11 | G8: 408 | H8: 408 | I8: 128.18 | J8: 8300 | K8: 41085 | L8: 4.95 | M8: 5400 | N8: 2.0762 | O8: 11211.48 | P8: 394.91 | Q8: 20.3431 | R8: 290 | S8: 290 | T8: 290 | X8: 2024-01-17
A9: SP249 | B9: YW0005439 | C9: ทางเรือ | D9: 2024-01-06 | E9: 2024-01-31 | F9: 25 | G9: 50 | H9: 50 | I9: 4.55 | J9: 30 | K9: 148.5 | L9: 4.95 | M9: 3100 | N9: 0.0255 | O9: 79.05 | P9: 1.9 | Q9: 0.6 | R9: 29 | S9: 29 | T9: 39 | X9: 2024-01-31
A10: SP030 | B10: YW0004165 | C10: ทางเรือ | D10: 2024-01-09 | E10: 2024-01-30 | F10: 21 | G10: 300 | H10: 300 | I10: 86.98 | J10: 4270 | K10: 21221.9 | L10: 4.97 | M10: 3100 | N10: 1.5713 | O10: 4871.03 | P10: 357 | Q10: 14.2333 | R10: 259 | S10: 259 | T10: 99 | X10: 2024-01-30
A11: SP030 | B11: KEN0002540 | C11: ทางรถ | D11: 2024-01-09 | E11: 2024-01-16 | F11: 7 | G11: 20 | H11: 20 | I11: 93.54 | J11: 278 | K11: 1381.66 | L11: 4.97 | M11: 5400 | N11: 0.0906 | O11: 489.24 | P11: 25 | Q11: 13.9 | R11: 259 | S11: 259 | T11: 99 | X11: 2024-01-16
A12: SP066-สีดำ | B12: KEN0002530 | C12: ทางรถ | D12: 2024-01-09 | E12: 2024-01-16 | F12: 7 | G12: 294 | H12: 294 | I12: 1238.11 | J12: 6540 | K12: 359503.8 | L12: 54.97 | M12: 5400 | N12: 0.8335 | O12: 4500.9 | P12: 175 | Q12: 22.2449 | R12: 239 | S12: 239 | T12: 279 | X12: 2024-01-16
A13: SP019 | B13: KEN0002653-2 | C13: ทางรถ | D13: 2024-01-05 | E13: 2024-01-19 | F13: -564 | G13: 20000 | H13: 20000 | I13: 16.67 | J13: 61850 | K13: 308631.5 | L13: 4.99 | M13: 5400 | N13: 4.5757 | O13: 24708.78 | P13: 1210.4 | Q13: 3.0925 | R13: 0 | S13: 0 | T13: 0 | X13: 2024-06-22
A14: SP033 | B14: YW0005315 | C14: ทางเรือ | D14: 2024-01-10 | E14: 2024-02-13 | F14: 34 | G14: 800 | H14: 800 | I14: 154.73 | J14: 22000 | K14: 109560 | L14: 4.98 | M14: 3100 | N14: 4.5878 | O14: 14222.18 | P14: 1056 | Q14: 27.5 | R14: 350 | S14: 350 | T14: 420 | X14: 2024-02-13
A15: SP079 | B15: KEN0000978-2 | C15: ทางรถ | D15: 2024-01-10 | E15: 2024-01-25 | F15: 15 | G15: 552 | H15: 552 | I15: 66.27 | J15: 6680 | K15: 33266.4 | L15: 4.98 | M15: 5400 | N15: 0.6138 | O15: 3314.52 | P15: 40 | Q15: 12.1014 | R15: 239 | S15: 239 | T15: 139 | X15: 2024-01-25
A16: SP140 | B16: KEN0000068 | C16: ทางรถ | D16: 2024-02-16 | E16: 2024-03-03 | F16: 16 | G16: 192 | H16: 192 | I16: 88.19 | J16: 2600 | K16: 13000 | L16: 5 | M16: 5400 | N16: 0.7284 | O16: 3933.36 | P16: 103 | Q16: 13.5417 | R16: 0 | S16: 0 | T16: 0 | X16: 2024-03-01
A17: SPFREE015 | B17: YW0004190 | C17: ทางเรือ | D17: 2024-01-10 | E17: 2024-01-29 | F17: -731 | G17: 120 | H17: 120 | I17: 59.63 | J17: 1275 | K17: 7155.5 | L17: 4.98 | M17: 3100 | N17: 0.26 | O17: 806 | P17: 38.2 | Q17: 10.625 | R17: 0 | S17: 0 | T17: 0 | X17: 2024-01-29
... A19: SP051-สีดำ-6 มม. | B19: KEN0001063-1/KEN0001063-2 | C19: ทางเรือ | D19: 2024-01-11 | E19: 2024-04-04 | F19: 84 | G19: 10000 | H19: 10000 | I19: 5.41 | J19: 7660 | K19: 38223.4 | L19: 4.99 | M19: 3100 | N19: 5.1133 | O19: 15851.23 | P19: 404 | Q19: 0.766 | R19: 89 | S19: 89 | T19: 89 | X19: 2024-04-04
A20: SP157 | B20: KEN0000137 | C20: ทางเรือ | D20: 2024-02-16 | E20: 2024-03-08 | F20: 21 | G20: 1000 | H20: 1000 | I20: 37.62 | J20: 7020 | K20: 35451 | L20: 5.05 | M20: 3100 | N20: 0.701 | O20: 2173.1 | P20: 117 | Q20: 7.02 | R20: 99 | S20: 99 | T20: 99 | V20: https://shorturl.asia/nPSug | W20: 13928603642 | X20: 2024-03-08
A21: SP323 | B21: KEN0000869 | C21: ทางเรือ | D21: 2024-01-11 | E21: 2024-02-13 | F21: 33 | G21: 3000 | H21: 3000 | I21: 6.18 | J21: 3670 | K21: 18313.3 | L21: 4.99 | M21: 3100 | N21: 0.0766 | O21: 237.46 | P21: 54.99 | Q21: 1.2233 | R21: 29 | S21: 29 | T21: 49 | V21: https://shorturl.asia/7ykEb | W21: 18942406589 | X21: 2024-02-13
A22: SP019 | B22: KEN0002672 | C22: ทางรถ | D22: 2024-02-19 | E22: 2024-03-07 | F22: 17 | G22: 30000 | H22: 30000 | I22: 17 | J22: 91450 | K22: 455421 | L22: 4.98 | M22: 5400 | N22: 10.08 | O22: 54432 | P22: 2700 | Q22: 3.0483 | R22: 69 | S22: 69 | T22: 69 | V22: https://shorturl.asia/7fvIm | W22: 13537969536 | X22: 2024-03-07
A23: SP030 | B23: YW0005164 | C23: ทางเรือ | D23: 2024-02-19 | E23: 2024-01-19 | F23: -31 | G23: 300 | H23: 300 | I23: 71.17 | J23: 4270 | K23: 21350 | L23: 5 | M23: 0 | N23: 1.6868 | O23: 0 | P23: 370 | Q23: 14.2333 | R23: 139 | S23: 139 | T23: 139 | X23: 2024-03-19
A24: SP019 | B24: KEN0000031 | C24: ทางรถ | D24: 2024-01-17 | E24: 2024-01-25 | F24: 8 | G24: 10000 | H24: 10000 | I24: 14.4 | J24: 26200 | K24: 129690 | L24: 4.95 | M24: 5400 | N24: 2.6527 | O24: 14324.58 | P24: 775 | Q24: 2.62 | R24: 49 | S24: 49 | T24: 49 | V24: https://shorturl.asia/7fvIm | W24: 13537969536 | X24: 2024-01-25
A25: SP019 | B25: KEN0001059-1 | C25: ทางรถ | D25: 2024-01-22 | E25: 2024-01-31 | F25: 9 | G25: 10000 | H25: 10000 | I25: 16.73 | J25: 31800 | K25: 158046 | L25: 4.97 | M25: 5400 | N25: 1.7139 | O25: 9255.06 | P25: 445 | Q25: 3.18 | R25: 49 | S25: 49 | T25: 49 | V25: https://shorturl.asia/7fvIm | W25: 13537969536 | X25: 2024-01-31
A26: SP019 | B26: KEN0002677 | C26: ทางเรือ | D26: 2024-02-27 | E26: 2024-04-04 | F26: 37 | G26: 20000 | H26: 20000 | I26: 16.2 | J26: 60800 | K26: 323926 | L26: 4.98 | M26: 3100 | N26: 6.82 | O26: 21142 | P26: 1780 | Q26: 3.04 | R26: 69 | S26: 69 | T26: 69 | V26: https://shorturl.asia/7fvIm | W26: 13537969536 | X26: 2024-04-04
A27: SP019 | B27: KEN0001059-1 | C27: ทางรถ | D27: 2024-01-22 | E27: 2024-01-31 | F27: 9 | G27: 50 | H27: 50 | I27: 194.05 | J27: 90 | K27: 447.3 | L27: 4.97 | M27: 5400 | N27: 1.7139 | O27: 9255.06 | P27: 445 | Q27: 1.8 | R27: 49 | S27: 49 | T27: 49 | U27: 13537969536 | V27: https://shorturl.asia/7fvIm | X27: 2024-01-31
A28: SP248 | B28: YW0005736 | C28: ทางเรือ | D28: 2024-01-23 | E28: 2024-03-05 | F28: 42 | G28: 300 | H28: 300 | I28: 2.24 | J28: 110 | K28: 554.4 | L28: 5.04 | M28: 3100 | N28: 0.0382 | O28: 118.42 | P28: 1 | Q28: 0.3667 | R28: 45 | S28: 45 | T28: 59 | V28: https://shorturl.asia/Q8Huw | W28: 15819190011 | X28: 2024-03-05
A29: SP285-ไฟสีขาว | B29: KEN0001694 | C29: ทางเรือ | D29: 2024-01-23 | E29: 2024-02-26 | F29: 34 | G29: 1200 | H29: 1200 | I29: 23.56 | J29: 5390 | K29: 27165.6 | L29: 5.04 | M29: 3100 | N29: 0.3577 | O29: 1108.87 | P29: 135 | Q29: 4.4917 | R29: 69 | S29: 69 | T29: 69 | V29: https://shorturl.asia/kyX2U | X29: 2024-02-26
A30: SP045 | B30: YW0005740 | C30: ทางเรือ | D30: 2024-01-23 | E30: 2024-03-06 | F30: 43 | G30: 300 | H30: 300 | I30: 230.89 | J30: 8500 | K30: 42840 | L30: 5.04 | M30: 3100 | N30: 8.5248 | O30: 26426.88 | P30: 480 | Q30: 28.3333 | R30: 490 | S30: 490 | T30: 490 | V30: https://shorturl.asia/qJrOU | W30: 15068952767 | X30: 2024-03-06
A31: SP045 | B31: KEN0000062 | C31: ทางรถ | D31: 2024-01-23 | E31: 2024-02-06 | F31: 14 | G31: 100 | H31: 100 | I31: 299.6 | J31: 3150 | K31: 15876 | L31: 5.04 | M31: 5400 | N31: 2.6082 | O31: 14084.28 | P31: 180 | Q31: 31.5 | R31: 490 | S31: 490 | T31: 490 | V31: https://shorturl.asia/qJrOU | W31: 15068952767 | X31: 2024-02-06
A32: SP210 | B32: YW0001118 | C32: ทางเรือ | D32: 2024-02-22 | E32: 2024-03-12 | F32: 19 | G32: 200 | H32: 200 | I32: 62.21 | J32: 2300 | K32: 11638 | L32: 5.06 | M32: 3100 | N32: 0.2594 | O32: 804.14 | P32: 44 | Q32: 11.5 | R32: 99 | S32: 99 | T32: 129 | V32: https://shorturl.asia/KUvEZ | W32: 13819987030 | X32: 2024-03-12
A33: SP252 | B33: YW0005710 | C33: ทางเรือ | D33: 2024-01-24 | E33: 2024-02-21 | F33: 28 | G33: 200 | H33: 200 | I33: 25 | J33: 990 | K33: 4999.5 | L33: 5.05 | M33: 0 | N33: 0.3294 | O33: 0 | P33: 48.8 | Q33: 4.95 | R33: 89 | S33: 89 | T33: 99 | V33: https://shorturl.asia/oFB5Q | W33: 18367980456 | X33: 2024-02-21
A34: SP152 | B34: YW0005694 | C34: ทางเรือ | D34: 2024-01-26 | E34: 2024-02-21 | F34: 26 | G34: 2 | H34: 2 | I34: 620.5 | J34: 224 | K34: 1133.44 | L34: 5.06 | M34: 3100 | N34: 0.0347 | O34: 107.57 | P34: 6.9 | Q34: 112 | R34: 0 | S34: 0 | T34: 0 | X34: 2024-02-21
A35: SP192-สีเทา | B35: YW0005170 | C35: ทางเรือ | D35: 2024-02-23 | E35: 2024-03-22 | F35: 28 | G35: 1500 | H35: 1500 | I35: 10.47 | J35: 2680 | K35: 13560.8 | L35: 5.06 | M35: 3100 | N35: 0.6912 | O35: 2142.72 | P35: 65 | Q35: 1.7867 | R35: 69 | S35: 69 | T35: 69 | V35: https://shorturl.asia/f1JZh | W35: 17531957777 | X35: 2024-03-22
A36: SP045 | B36: YW0005149 | C36: ทางเรือ | D36: 2024-01-26 | E36: 2024-03-20 | F36: 54 | G36: 300 | H36: 300 | I36: 220.87 | J36: 8480 | K36: 42908.8 | L36: 5.06 | M36: 3100 | N36: 7.533 | O36: 23352.3 | P36: 480 | Q36: 28.2667 | R36: 490 | S36: 490 | T36: 490 | V36: https://shorturl.asia/qJrOU | W36: 15068952767 | X36: 2024-03-20
A37: SP045 | B37: KEN0002622-1 | C37: ทางรถ | D37: 2024-01-26 | E37: 2024-03-02 | F37: 36 | G37: 100 | H37: 100 | I37: 222.97 | J37: 3150 | K37: 15939 | L37: 5.06 | M37: 5400 | N37: 1.1774 | O37: 6357.96 | P37: 72 | Q37: 31.5 | R37: 490 | S37: 490 | T37: 490 | V37: https://shorturl.asia/qJrOU | W37: 15068952767 | X37: 2024-03-02
A38: SP152 | B38: K0001819 | C38: ทางรถ | D38: 2024-02-27 | E38: 2024-03-12 | F38: 14 | G38: 50 | H38: 50 | I38: 659.43 | J38: 5450 | K38: 27522.5 | L38: 5.05 | M38: 5400 | N38: 1.0091 | O38: 5449.14 | P38: 44 | Q38: 109 | R38: 1150 | S38: 1150 | T38: 1150 | V38: https://shorturl.asia/sB72c | W38: 13362931587 | X38: 2024-03-12
A39: SP019 | B39: KEN0000116 | C39: ทางรถ | D39: 2024-01-31 | E39: 2024-01-31 | F39: 710 | G39: 10000 | H39: 10000 | I39: 17.46 | J39: 31500 | K39: 174591 | L39: 4.97 | M39: 5400 | N39: 3.34 | O39: 18036 | P39: 925 | Q39: 3.15 | R39: 69 | S39: 69 | T39: 69 | V39: https://shorturl.asia/7fvIm | W39: 13537969536 | X39: 2024-02-16
A40: SP252 | B40: YW0005135 | C40: ทางเรือ | D40: 2024-02-29 | E40: 2024-03-26 | F40: 26 | G40: 200 | H40: 200 | I40: 28.69 | J40: 950 | K40: 4750 | L40: 5 | M40: 3100 | N40: 0.3186 | O40: 987.66 | P40: 49 | Q40: 4.75 | R40: 99 | S40: 99 | T40: 99 | V40: https://shorturl.asia/oFB5Q | W40: 18367980456 | X40: 2024-03-26
A41: SP045 | B41: YW0002491 | C41: ทางรถ | D41: 2024-05-02 | E41: 2024-05-28 | F41: 26 | G41: 300 | H41: 300 | I41: 229.13 | J41: 8475 | K41: 43561.5 | L41: 5.14 | M41: 3100 | N41: 8.1216 | O41: 25176.96 | P41: 480 | Q41: 28.25 | R41: 390 | S41: 390 | T41: 390 | V41: https://shorturl.asia/qJrOU | W41: 15068952767 | X41: 2024-05-28
A42: SP083 | B42: K0002799 | C42: ทางรถ | D42: 2024-04-03 | E42: 2024-04-18 | F42: 15 | G42: 400 | H42: 400 | I42: 6.72 | J42: 330 | K42: 1676.4 | L42: 5.08 | M42: 5400 | N42: 0.1876 | O42: 1013.04 | P42: 55 | Q42: 0.825 | R42: 0 | S42: 0 | T42: 0 | X42: 2024-04-18
A43: SP414 | B43: K0003074 | C43: ทางรถ | D43: 2024-05-01 | E43: 2024-01-15 | F43: 0 | G43: 10 | H43: 0 | I43: 252.18 | J43: 260 | K43: 2521.8 | L43: 5.13 | M43: 5400 | N43: 0.22 | O43: 1188 | P43: 63 | Q43: 26 | R43: 490 | S43: 490 | T43: 0 | V43: https://shorturl.asia/AnIUG | W43: 15265009210 | X43: 2024-05-15
A44: SP173 | B44: K0002799 | C44: ทางรถ | D44: 2024-04-03 | E44: 2024-04-18 | F44: 15 | G44: 300 | H44: 300 | I44: 64.17 | J44: 3590 | K44: 18237.2 | L44: 5.08 | M44: 5400 | N44: 0.1876 | O44: 1013.04 | P44: 55 | Q44: 11.9667 | R44: 129 | S44: 129 | T44: 149 | X44: 2024-04-18
A45: SP173 | B45: K0002006 | C45: ทางรถ | D45: 2024-05-04 | E45: 2024-05-14 | F45: 10 | G45: 500 | H45: 500 | I45: 60.84 | J45: 5840 | K45: 29959.2 | L45: 5.13 | M45: 5400 | N45: 0.0849 | O45: 458.46 | P45: 35 | Q45: 11.68 | R45: 139 | S45: 139 | T45: 139 | V45: https://shorturl.asia/tBw1S | W45: 13530090797 | X45: 2024-05-14
A46: SP252 | B46: YW0001765 | C46: ทางเรือ | D46: 2024-04-06 | E46: 2024-04-30 | F46: 24 | G46: 200 | H46: 200 | I46: 29.46 | J46: 940 | K46: 4775.2 | L46: 5.08 | M46: 3100 | N46: 0.3604 | O46: 1117.24 | P46: 44.8 | Q46: 4.7 | R46: 89 | S46: 89 | T46: 99 | X46: 2024-04-30
A47: SP363 | B47: YW0001767 | C47: ทางเรือ | D47: 2024-04-06 | E47: 2024-04-30 | F47: 24 | G47: 400 | H47: 400 | I47: 102.82 | J47: 5400 | K47: 27432 | L47: 5.08 | M47: 3100 | N47: 4.4178 | O47: 13695.18 | P47: 337.5 | Q47: 13.5 | R47: 269 | S47: 269 | T47: 299 | X47: 2024-04-30
A48: SP323 | B48: K0003070 | C48: ทางเรือ | D48: 2024-05-07 | E48: 2024-06-06 | F48: 30 | G48: 12000 | H48: 12000 | I48: 6.24 | J48: 14400 | K48: 73872 | L48: 5.13 | M48: 3100 | N48: 0.3219 | O48: 997.89 | P48: 382 | Q48: 1.2 | R48: 29 | S48: 29 | T48: 39 | V48: https://shorturl.asia/7ykEb | W48: 18942406589 | X48: 2024-06-06
A49: SP045 | B49: YW0001675 | C49: ทางเรือ | D49: 2024-04-09 | E49: 2024-05-08 | F49: 29 | G49: 200 | H49: 200 | I49: 222.3 | J49: 5680 | K49: 28854.4 | L49: 5.08 | M49: 3100 | N49: 5.0342 | O49: 15606.02 | P49: 312 | Q49: 28.4 | R49: 490 | S49: 490 | T49: 490 | V49: https://shorturl.asia/qJrOU | W49: 15068952767 | X49: 2024-05-08
A50: SP166 | B50: YW0005085 | C50: ทางเรือ | D50: 2024-04-11 | E50: 2024-05-21 | F50: 40 | G50: 12000 | H50: 12000 | I50: 4.06 | J50: 7700 | K50: 39116 | L50: 5.08 | M50: 3100 | N50: 3.0845 | O50: 9561.95 | P50: 513.6 | Q50: 0.6417 | R50: 49 | S50: 49 | T50: 69 | V50: https://shorturl.asia/IXD4Z | W50: 15267953617 | X50: 2024-05-21
A51: SP404 | B51: K0003120 | C51: ทางรถ | D51: 2024-05-07 | E51: 2024-05-15 | F51: 8 | G51: 1000 | H51: 1000 | I51: 19.72 | J51: 3260 | K51: 16723.8 | L51: 5.13 | M51: 5400 | N51: 0.554 | O51: 2991.6 | P51: 136 | Q51: 3.26 | R51: 59 | S51: 59 | T51: 79 | V51: https://shorturl.asia/5PHlc | W51: 13249194959 | X51: 2024-05-15
A52: SP192-สีเทา | B52: YW0005087 | C52: ทางเรือ | D52: 2024-04-16 | E52: 2024-05-18 | F52: 32 | G52: 1500 | H52: 1500 | I52: 11.07 | J52: 2860 | K52: 14528.8 | L52: 5.08 | M52: 3100 | N52: 0.6698 | O52: 2076.38 | P52: 64 | Q52: 1.9067 | R52: 49 | S52: 49 | T52: 69 | V52: https://shorturl.asia/f1JZh | W52: 17531957777 | X52: 2024-05-18
A53: SP404 | B53: YW0001717 | C53: ทางเรือ | D53: 2024-05-07 | E53: 2024-06-28 | F53: 52 | G53: 1000 | H53: 1000 | I53: 18.23 | J53: 3210 | K53: 16467.3 | L53: 5.13 | M53: 3100 | N53: 0.5687 | O53: 1762.97 | P53: 130 | Q53: 3.21 | R53: 59 | S53: 59 | T53: 79 | V53: https://shorturl.asia/5PHlc | W53: 13249194959 | X53: 2024-06-28
A54: SP285-ไฟสีส้ม | B54: K0001947 | C54: ทางรถ | D54: 2024-04-17 | E54: 2024-04-30 | F54: 13 | G54: 300 | H54: 300 | I54: 24.07 | J54: 1330 | K54: 6769.7 | L54: 5.09 | M54: 5400 | N54: 0.0838 | O54: 452.52 | P54: 18 | Q54: 4.4333 | R54: 69 | S54: 69 | T54: 69 | V54: https://shorturl.asia/kyX2U | X54: 2024-04-30
A55: SP404 | B55: K0001974 | C55: ทางรถ | D55: 2024-04-20 | E55: 2024-04-30 | F55: 10 | G55: 500 | H55: 500 | I55: 21.05 | J55: 1770 | K55: 9009.3 | L55: 5.09 | M55: 5400 | N55: 0.2805 | O55: 1514.7 | P55: 69 | Q55: 3.54 | R55: 59 | S55: 59 | T55: 79 | U55: 13249194959 | V55: https://shorturl.asia/5PHlc | X55: 2024-04-30
A56: SP404 | B56: YW0005089 | C56: ทางเรือ | D56: 2024-04-20 | E56: 2024-05-18 | F56: 28 | G56: 500 | H56: 500 | I56: 19.27 | J56: 1720 | K56: 8754.8 | L56: 5.09 | M56: 3100 | N56: 0.2843 | O56: 881.33 | P56: 65 | Q56: 3.44 | R56: 59 | S56: 59 | T56: 79 | V56: https://shorturl.asia/5PHlc | W56: 13249194959 | X56: 2024-05-18
A57: SP252 | B57: YW0001747 | C57: ทางเรือ | D57: 2024-05-08 | E57: 2024-06-04 | F57: 27 | G57: 200 | H57: 200 | I57: 31.07 | J57: 940 | K57: 4841 | L57: 5.15 | M57: 3100 | N57: 0.443 | O57: 1373.3 | P57: 50 | Q57: 4.7 | R57: 89 | S57: 89 | T57: 99 | V57: https://shorturl.asia/oFB5Q | W57: 18367980456 | X57: 2024-06-04
A58: SP404 | B58: YW0004115 | C58: ทางเรือ | D58: 2024-05-11 | E58: 2024-06-04 | F58: 24 | G58: 2000 | H58: 2000 | I58: 17.17 | J58: 6390 | K58: 32972.4 | L58: 5.16 | M58: 3100 | N58: 0.443 | O58: 1373.3 | P58: 253 | Q58: 3.195 | R58: 59 | S58: 59 | T58: 79 | V58: https://shorturl.asia/5PHlc | W58: 13249194959 | X58: 2024-06-04
A59: SP404 | B59: YW0004115 | C59: ทางเรือ | D59: 2024-05-11 | E59: 2024-06-04 | F59: 24 | G59: 2000 | H59: 2000 | I59: 17.17 | J59: 6390 | K59: 32972.4 | L59: 5.16 | M59: 3100 | N59: 0.443 | O59: 1373.3 | P59: 253 | Q59: 3.195 | R59: 59 | S59: 59 | T59: 79 | V59: https://shorturl.asia/5PHlc | W59: 13249194959 | X59: 2024-06-04
A60: SP173 | B60: K0002035 | C60: ทางรถ | D60: 2024-04-23 | E60: 2024-05-03 | F60: 10 | G60: 100 | H60: 100 | I60: 61.63 | J60: 1180 | K60: 6029.8 | L60: 5.11 | M60: 5400 | N60: 0.0246 | O60: 132.84 | P60: 5 | Q60: 11.8 | R60: 129 | S60: 129 | T60: 149 | V60: https://shorturl.asia/tBw1S | W60: 13530090797 | X60: 2024-05-03
A61: SP173 | B61: K0002034 | C61: ทางเรือ | D61: 2024-04-23 | E61: 2024-05-03 | F61: 10 | G61: 300 | H61: 300 | I61: 61.59 | J61: 3580 | K61: 18293.8 | L61: 5.11 | M61: 3100 | N61: 0.0593 | O61: 183.83 | P61: 20 | Q61: 11.9333 | R61: 129 | S61: 129 | T61: 149 | V61: https://shorturl.asia/tBw1S | W61: 13530090797 | X61: 2024-05-03
A62: SP358 | B62: YW0002528 | C62: ทางเรือ | D62: 2024-05-18 | E62: 2024-06-18 | F62: 31 | G62: 400 | H62: 400 | I62: 67.17 | J62: 4620 | K62: 23746.8 | L62: 5.14 | M62: 3100 | N62: 1.0068 | O62: 3121.08 | P62: 167 | Q62: 11.55 | R62: 159 | S62: 159 | T62: 179 | V62: https://shorturl.asia/zjPyg | W62: 15158349166 | X62: 2024-06-18
A63: SP152 | B63: K0003093 | C63: ทางรถ | D63: 2024-04-23 | E63: 2024-05-14 | F63: 21 | G63: 48 | H63: 48 | I63: 614.38 | J63: 4920 | K63: 25141.2 | L63: 5.11 | M63: 5400 | N63: 0.8054 | O63: 4349.16 | P63: 171 | Q63: 102.5 | R63: 1150 | S63: 1150 | T63: 1150 | V63: https://shorturl.asia/sB72c | W63: 13362931587 | X63: 2024-05-14
A64: SP152 | B64: YW0002498 | C64: ทางเรือ | D64: 2024-04-23 | E64: 2024-05-24 | F64: 31 | G64: 78 | H64: 78 | I64: 554.98 | J64: 7690 | K64: 39295.9 | L64: 5.11 | M64: 3100 | N64: 1.288 | O64: 3992.8 | P64: 256.1 | Q64: 98.5897 | R64: 1150 | S64: 1150 | T64: 1150 | V64: https://shorturl.asia/sB72c | W64: 13362931587 | X64: 2024-05-24
A65: SP045 | B65: YW0002578 | C65: ทางเรือ | D65: 2024-05-31 | E65: 2024-07-03 | F65: 33 | G65: 300 | H65: 300 | I65: 227.51 | J65: 8470 | K65: 43705.2 | L65: 5.16 | M65: 3100 | N65: 7.9186 | O65: 24547.66 | P65: 468 | Q65: 28.2333 | R65: 350 | S65: 350 | T65: 390 | V65: https://shorturl.asia/qJrOU | W65: 15068952767 | X65: 2024-07-03
A66: SP076 | B66: K0003033 | C66: ทางเรือ | D66: 2024-04-25 | E66: 2024-05-18 | F66: 23 | G66: 1000 | H66: 1000 | I66: 6.91 | J66: 1170 | K66: 6002.1 | L66: 5.13 | M66: 3100 | N66: 0.2937 | O66: 910.47 | P66: 81 | Q66: 1.17 | R66: 69 | S66: 69 | T66: 89 | X66: 2024-05-18
A67: SP173 | B67: K0003235 | C67: ทางรถ | D67: 2024-05-14 | E67: 2024-05-24 | F67: 10 | G67: 1650 | H67: 1650 | I67: 58.81 | J67: 18700 | K67: 95370 | L67: 5.1 | M67: 5400 | N67: 0.3074 | O67: 1659.96 | P67: 114.96 | Q67: 11.3333 | R67: 0 | S67: 0 | T67: 0 | V67: https://shorturl.asia/tBw1S | X67: 2024-05-24
A68: SP359 | B68: K0003041 | C68: ทางรถ | D68: 2024-04-29 | E68: 2024-05-08 | F68: 9 | G68: 400 | H68: 400 | I68: 2.94 | J68: 200 | K68: 1026 | L68: 5.13 | M68: 5400 | N68: 0.0281 | O68: 151.74 | P68: 5 | Q68: 0.5 | R68: 0 | S68: 0 | T68: 0 | V68: https://shorturl.asia/zjPyg | X68: 2024-05-08
A69: SP157 | B69: K0003010 | C69: ทางเรือ | D69: 2024-04-25 | E69: 2024-05-18 | F69: 23 | G69: 500 | H69: 500 | I69: 39.54 | J69: 3650 | K69: 18724.5 | L69: 5.13 | M69: 3100 | N69: 0.337 | O69: 1044.7 | P69: 42 | Q69: 7.3 | R69: 99 | S69: 99 | T69: 99 | X69: 2024-05-18
A70: SP173 | B70: K0001173/K0001993 | C70: ทางรถ | D70: 2024-04-29 | E70: 2024-05-08 | F70: 9 | G70: 500 | H70: 500 | I70: 61.39 | J70: 5880 | K70: 30164.4 | L70: 5.13 | M70: 5400 | N70: 0.0982 | O70: 530.28 | P70: 40 | Q70: 11.76 | R70: 129 | S70: 129 | T70: 149 | V70: https://shorturl.asia/tBw1S | W70: 13530090797 | X70: 2024-05-08
A71: SP083 | B71: K0001184 | C71: ทางรถ | D71: 2024-04-29 | E71: 2024-05-08 | F71: 9 | G71: 400 | H71: 400 | I71: 5.4 | J71: 330 | K71: 1692.9 | L71: 5.13 | M71: 5400 | N71: 0.0868 | O71: 468.72 | P71: 15 | Q71: 0.825 | R71: 0 | S71: 0 | T71: 0 | X71: 2024-05-08
A72: SP336-สีส้ม-8 ดวง | B72: YW0004134 | C72: ทางเรือ | D72: 2024-01-10 | E72: 2024-01-29 | F72: 19 | G72: 350 | H72: 350 | I72: 40.27 | J72: 2765 | K72: 13769.7 | L72: 4.98 | M72: 3100 | N72: 0.1051 | O72: 325.93 | P72: 31.71 | Q72: 7.9 | R72: 199 | S72: 199 | T72: 199 | V72: https://shorturl.asia/OE4el | W72: 15869565959 | X72: 2024-01-29
A73: SP336-สีขาว-8 ดวง | B73: YW0004134 | C73: ทางเรือ | D73: 2024-01-10 | E73: 2024-01-29 | F73: 19 | G73: 150 | H73: 150 | I73: 40.27 | J73: 1185 | K73: 5901.3 | L73: 4.98 | M73: 3100 | N73: 0.0451 | O73: 139.69 | P73: 13.59 | Q73: 7.9 | R73: 199 | S73: 199 | T73: 199 | V73: https://shorturl.asia/OE4el | W73: 15869565959 | X73: 2024-01-29
A74: SP091-12v | B74: KEN0000017 | C74: ทางเรือ | D74: 2024-01-15 | E74: 2024-02-06 | F74: 22 | G74: 1000 | H74: 1000 | I74: 391.92 | J74: 78167 | K74: 385363.31 | L74: 4.93 | M74: 3100 | N74: 2.115 | O74: 6556.5 | P74: 525 | Q74: 78.167 | R74: 0 | S74: 0 | T74: 0 | W74: 15014058982 | X74: 2024-02-06
A75: SP091-24v | B75: KEN0000017 | C75: ทางเรือ | D75: 2024-01-15 | E75: 2024-02-06 | F75: 22 | G75: 200 | H75: 200 | I75: 391.92 | J75: 15633.33 | K75: 77072.33 | L75: 4.93 | M75: 3100 | N75: 0.423 | O75: 1311.3 | P75: 105 | Q75: 78.1667 | R75: 0 | S75: 0 | T75: 0 | W75: 15014058982 | X75: 2024-02-06
A76: SP357-ลายพี่สิงโต | B76: YW0005344 | C76: ทางเรือ | D76: 2024-01-15 | E76: 2024-03-06 | F76: 51 | G76: 70 | H76: 70 | I76: 453.61 | J76: 4410 | K76: 22005.9 | L76: 4.99 | M76: 3100 | N76: 3.1441 | O76: 9746.56 | P76: 191.1 | Q76: 63 | R76: 890 | S76: 890 | T76: 890 | V76: https://shorturl.asia/i14Q5 | W76: 18631921433 | X76: 2024-03-06
A77: SP357-ลายน้องกระต่าย | B77: YW0005344 | C77: ทางเรือ | D77: 2024-01-15 | E77: 2024-03-06 | F77: 51 | G77: 30 | H77: 30 | I77: 453.61 | J77: 1890 | K77: 9431.1 | L77: 4.99 | M77: 3100 | N77: 1.3475 | O77: 4177.1 | P77: 81.9 | Q77: 63 | R77: 890 | S77: 890 | T77: 890 | V77: https://shorturl.asia/i14Q5 | W77: 18631921433 | X77: 2024-03-06
A78: SP294-สีดำ | B78: YW0005688 | C78: ทางเรือ | D78: 2024-01-24 | E78: 2024-03-05 | F78: 41 | G78: 500 | H78: 500 | I78: 93.62 | J78: 8865.38 | K78: 44326.92 | L78: 5 | M78: 3100 | N78: 0.8008 | O78: 2482.5 | P78: 166 | Q78: 17.7308 | R78: 199 | S78: 199 | T78: 229 | X78: 2024-03-05
A79: SP294-สีชมพู | B79: YW0005688 | C79: ทางเรือ | D79: 2024-01-24 | E79: 2024-03-05 | F79: 41 | G79: 300 | H79: 300 | I79: 93.62 | J79: 5319.23 | K79: 26596.15 | L79: 5 | M79: 3100 | N79: 0.4805 | O79: 1489.5 | P79: 99.6 | Q79: 17.7308 | R79: 199 | S79: 199 | T79: 229 | X79: 2024-03-05
A80: SP294-สีเทา | B80: YW0005688 | C80: ทางเรือ | D80: 2024-01-24 | E80: 2024-03-05 | F80: 41 | G80: 500 | H80: 500 | I80: 93.62 | J80: 8865.38 | K80: 44326.92 | L80: 5 | M80: 3100 | N80: 0.8008 | O80: 2482.5 | P80: 166 | Q80: 17.7308 | R80: 199 | S80: 199 | T80: 229 | X80: 2024-03-05
A81: SP080-สีเทา | B81: K0002789 | C81: ทางเรือ | D81: 2024-04-04 | E81: 2024-04-30 | F81: 26 | G81: 150 | H81: 150 | I81: 18.34 | J81: 520 | K81: 2641.6 | L81: 5.08 | M81: 3100 | N81: 0.0354 | O81: 109.84 | P81: 4.6666667 | Q81: 3.4667 | R81: 99 | S81: 99 | T81: 99 | X81: 2024-04-30
A82: SP080-สีชมพู | B82: K0002789 | C82: ทางเรือ | D82: 2024-04-04 | E82: 2024-04-30 | F82: 26 | G82: 300 | H82: 300 | I82: 18.34 | J82: 1040 | K82: 5283.2 | L82: 5.08 | M82: 3100 | N82: 0.0709 | O82: 219.69 | P82: 9.3333333 | Q82: 3.4667 | R82: 99 | S82: 99 | T82: 99 | X82: 2024-04-30
A83: SP357-ลายพี่สิงโต | B83: YW0001688 | C83: ทางเรือ | D83: 2024-04-06 | E83: 2024-05-21 | F83: 45 | G83: 100 | H83: 100 | I83: 493.51 | J83: 6267 | K83: 31836.36 | L83: 5.08 | M83: 3100 | N83: 5.6499 | O83: 17514.79 | P83: 15.333333 | Q83: 62.67 | R83: 890 | S83: 890 | T83: 890 | X83: 2024-05-21
A84: SP357-ลายน้องกระต่าย | B84: YW0001688 | C84: ทางเรือ | D84: 2024-04-06 | E84: 2024-05-21 | F84: 45 | G84: 50 | H84: 50 | I84: 493.49 | J84: 3133.33 | K84: 15917.33 | L84: 5.08 | M84: 3100 | N84: 2.825 | O84: 8757.4 | P84: 7.6666667 | Q84: 62.6667 | R84: 890 | S84: 890 | T84: 890 | X84: 2024-05-21
A85: SP066-สีดำ | B85: K0002899-1/K0002899-2 | C85: ทางเรือ | D85: 2024-04-08 | E85: 2024-04-30 | F85: 22 | G85: 210 | H85: 210 | I85: 121.2 | J85: 4650 | K85: 23622 | L85: 5.08 | M85: 3100 | N85: 0.5901 | O85: 1829.31 | P85: 120 | Q85: 22.1429 | R85: 239 | S85: 239 | T85: 279 | X85: 2024-04-30
A86: SP066-สีเทา | B86: K0002899-1/K0002899-2 | C86: ทางเรือ | D86: 2024-04-08 | E86: 2024-04-30 | F86: 22 | G86: 210 | H86: 210 | I86: 121.2 | J86: 4650 | K86: 23622 | L86: 5.08 | M86: 3100 | N86: 0.5901 | O86: 1829.31 | P86: 120 | Q86: 22.1429 | R86: 239 | S86: 239 | T86: 279 | X86: 2024-04-30
A87: SP294-สีฟ้า | B87: YW0001691 | C87: ทางเรือ | D87: 2024-04-25 | E87: 2024-05-21 | F87: 26 | G87: 300 | H87: 300 | I87: 93.36 | J87: 5250 | K87: 26670 | L87: 5.08 | M87: 3100 | N87: 0.432 | O87: 1339.2 | P87: 101.4 | Q87: 17.5 | R87: 199 | S87: 199 | T87: 229 | X87: 2024-05-21
A88: SP294-สีเทา | B88: YW0001691 | C88: ทางเรือ | D88: 2024-04-25 | E88: 2024-05-21 | F88: 26 | G88: 300 | H88: 300 | I88: 93.36 | J88: 5250 | K88: 26670 | L88: 5.08 | M88: 3100 | N88: 0.432 | O88: 1339.2 | P88: 101.4 | Q88: 17.5 | R88: 199 | S88: 199 | T88: 229 | X88: 2024-05-21
A89: SP294-สีชมพู | B89: YW0001691 | C89: ทางเรือ | D89: 2024-04-25 | E89: 2024-05-21 | F89: 26 | G89: 400 | H89: 400 | I89: 93.36 | J89: 7000 | K89: 35560 | L89: 5.08 | M89: 3100 | N89: 0.576 | O89: 1785.6 | P89: 135.2 | Q89: 17.5 | R89: 199 | S89: 199 | T89: 229 | X89: 2024-05-21
... A93: SP283-สีเทา | B93: YW0001711 | C93: ทางเรือ | D93: 2024-04-29 | E93: 2024-05-28 | F93: 29 | G93: 40 | H93: 40 | I93: 21.66 | J93: 137.5 | K93: 705.38 | L93: 5.13 | M93: 3100 | N93: 0.052 | O93: 161.2 | P93: 5.2 | Q93: 3.4375 | R93: 59 | S93: 59 | T93: 79 | X93: 2024-05-28
A94: SP051-สีดำ-6 มม. | B94: K0003184 | C94: ทางเรือ | D94: 2024-04-30 | E94: 2024-06-05 | F94: 36 | G94: 9700 | H94: 9700 | I94: 5.59 | J94: 7430.2 | K94: 38191.23 | L94: 5.14 | M94: 3100 | N94: 5.162 | O94: 16002.05 | P94: 454.93 | Q94: 0.766 | R94: 89 | S94: 89 | T94: 178 | V94: https://shorturl.asia/9Dnmx | W94: 13826950545 | X94: 2024-06-05
A95: SP051-สีขาว-6 มม. | B95: K0003184 | C95: ทางเรือ | D95: 2024-04-30 | E95: 2024-06-05 | F95: 36 | G95: 300 | H95: 300 | I95: 5.59 | J95: 229.8 | K95: 1181.17 | L95: 5.14 | M95: 3100 | N95: 0.1596 | O95: 494.91 | P95: 14.07 | Q95: 0.766 | R95: 89 | S95: 89 | T95: 178 | V95: https://shorturl.asia/9Dnmx | W95: 13826950545 | X95: 2024-06-05
A96: SP152 | B96: K0002375 | C96: ทางรถ | D96: 2024-06-04 | E96: 2024-06-18 | F96: 14 | G96: 48 | H96: 48 | I96: 600.26 | J96: 4730 | K96: 24406.8 | L96: 5.16 | M96: 5400 | N96: 0.8159 | O96: 4405.86 | P96: 171 | Q96: 98.5417 | R96: 1150 | S96: 1150 | T96: 1150 | V96: https://shorturl.asia/sB72c | W96: 13362931587 | X96: 2024-06-18
A97: SP152 | B97: YW0002601 | C97: ทางเรือ | D97: 2024-06-04 | E97: 2024-06-26 | F97: 22 | G97: 78 | H97: 78 | I97: 541.76 | J97: 7380 | K97: 38080.8 | L97: 5.16 | M97: 3100 | N97: 1.3473 | O97: 4176.63 | P97: 292.5 | Q97: 94.6154 | R97: 1150 | S97: 1150 | T97: 1150 | V97: https://shorturl.asia/sB72c | W97: 13362931587 | X97: 2024-06-26
A98: SP283-สีเทา | B98: YW0002605 | C98: ทางเรือ | D98: 2024-06-04 | E98: 2024-06-26 | F98: 22 | G98: 40 | H98: 40 | I98: 37.04 | J98: 137.5 | K98: 709.5 | L98: 5.16 | M98: 3100 | N98: 0.249 | O98: 771.9 | P98: 17.5 | Q98: 3.4375 | R98: 59 | S98: 59 | T98: 79 | V98: https://shorturl.asia/kVYan | W98: 13757913036 | X98: 2024-06-26
A99: SP283-สีดำ | B99: YW0002605 | C99: ทางเรือ | D99: 2024-06-04 | E99: 2024-06-26 | F99: 22 | G99: 40 | H99: 40 | I99: 37.04 | J99: 137.5 | K99: 709.5 | L99: 5.16 | M99: 3100 | N99: 0.249 | O99: 771.9 | P99: 17.5 | Q99: 3.4375 | R99: 59 | S99: 59 | T99: 79 | V99: https://shorturl.asia/kVYan | W99: 13757913036 | X99: 2024-06-26
A100: SP294-สีฟ้า | B100: YW0002547 | C100: ทางเรือ | D100: 2024-06-04 | E100: 2024-06-26 | F100: 22 | G100: 200 | H100: 200 | I100: 86.79 | J100: 3471.43 | K100: 17357.14 | L100: 5 | M100: 0 | N100: 0.2752 | O100: 0 | P100: 68 | Q100: 17.3571 | R100: 199 | S100: 199 | T100: 299 | V100: https://shorturl.asia/s7pBk | X100: 2024-06-26
A101: SP294-สีชมพู | B101: YW0002547 | C101: ทางเรือ | D101: 2024-06-04 | E101: 2024-06-26 | F101: 22 | G101: 200 | H101: 200 | I101: 93.83 | J101: 3471.43 | K101: 17912.57 | L101: 5.16 | M101: 3100 | N101: 0.2752 | O101: 853.12 | P101: 68 | Q101: 17.3571 | R101: 199 | S101: 199 | T101: 299 | V101: https://shorturl.asia/s7pBk | X101: 2024-06-26
A102: SP294-สีเทา | B102: YW0002547 | C102: ทางเรือ | D102: 2024-06-04 | E102: 2024-06-26 | F102: 22 | G102: 200 | H102: 200 | I102: 93.83 | J102: 3471.43 | K102: 17912.57 | L102: 5.16 | M102: 3100 | N102: 0.2752 | O102: 853.12 | P102: 68 | Q102: 17.3571 | R102: 199 | S102: 199 | T102: 299 | V102: https://shorturl.asia/s7pBk | X102: 2024-06-26
A103: SP294-สีน้ำเงิน | B103: YW0002547 | C103: ทางเรือ | D103: 2024-06-04 | E103: 2024-06-26 | F103: 22 | G103: 100 | H103: 100 | I103: 93.84 | J103: 1736 | K103: 8957.76 | L103: 5.16 | M103: 3100 | N103: 0.1376 | O103: 426.56 | P103: 34 | Q103: 17.36 | R103: 199 | S103: 199 | T103: 299 | V103: https://shorturl.asia/s7pBk | X103: 2024-06-26
A104: SP428 | B104: K0002274 | C104: ทางรถ | D104: 2024-06-04 | E104: 2024-06-18 | F104: 14 | G104: 20 | H104: 20 | I104: 293.02 | J104: 980 | K104: 5056.8 | L104: 5.16 | M104: 5400 | N104: 0.1488 | O104: 803.52 | P104: 21 | Q104: 49 | R104: 590 | S104: 590 | T104: 590 | V104: https://shorturl.asia/3hjBO | W104: 13967428100 | X104: 2024-06-18
...

Sheet Status
A1: ห้ามแก้ไข
A2: รหัสสินค้า | B2: ชื่อสินค้า | C2: 🔴 หมดเกลี้ยง | D2: ⚠️ ใกล้หมด | E2: 🟢 มีของ
A3: SPFREE569 | B3: (ของเเถม) ONE MORE (แบบ 1 แคปซูล)
A4: SPFREE225 | B4: (ของเเถม) เทสเตอร์อี้ฉี้ฯ
A5: SPFREE224 | B5: (ของเเถม) เทสเตอร์จิ่วเจิ้ง
A6: SPFREE028 | B6: (ของเเถม) พัดลม-สีดำ
A7: SPFREE027 | B7: (ของเเถม) กระปุกยาอันเล็กขาว
A8: SPFREE026 | B8: (ของเเถม) คูปองจิ่วเจิ้ง
A9: SPFREE025 | B9: (ของเเถม) นาฬิกา
A10: SPFREE024 | B10: (ของเเถม) ที่วัดออกซิเจนปลายนิ้ว
A11: SPFREE023 | B11: (ของเเถม) ที่ตรวจโควิด
A12: SPFREE022 | B12: (ของเเถม) เจลล้างมือ
A13: SPFREE021 | B13: (ของเเถม) กระบอกเก็บน้ำร้อน
A14: SPFREE020 | B14: (ของเเถม) ไม้ตียุง
... A105: SP584-1กล่อง | B105: Dr.Jel Dual Softgel SP584-1กล่อง
A106: SP584
A107: SP583 | B107: Dr.Jel TF (SP583)
A108: SP582 | B108: เทปใสป้องกันรอย SP582
A109: SP581-สีเทา | B109: ตัวล็อคประตู SP581
A110: SP581-สีเขียว | B110: ตัวล็อคประตู SP581
A111: SP580-สีชมพู | B111: ตะกร้าล้างผัก-ผลไม้ SP580
A112: SP579-สีเหลือง | B112: พัดลมเเอร์ SP579
A113: SP578-1ชิ้น | B113: แม่เหล็กติดประตู SP578-1ชิ้น
A114: SP577-สีฟ้า | B114: ถาดซ่อมมือถือ SP577
A115: SP577-สีเทา | B115: ถาดซ่อมมือถือ SP577
A116: SP576-M | B116: เบาะนอนสัตว์เลี้ยง
A117: SP576-L | B117: เบาะนอนสัตว์เลี้ยง
A118: SP575-สีฟ้า | B118: สายพยุงจูงเด็ก SP575
... A215: SP509-สีเทา | B215: แผ่นรองสัตว์เลี้ยงในรถ แบบฝั่งเดียว SP509
A216: SP509
A217: SP507-1ชิ้น
A218: SP507 | B218: หวี DKUB (สีชมพูม่วง)
A219: SP506-สีส้ม | B219: ไฟโซล่าเซลล์ปักในสวน (พลาสติก)
A220: SP506-สีขาว | B220: ไฟโซล่าเซลล์ปักในสวน (พลาสติก)
A221: SP505-สีส้ม | B221: ไฟโซล่าเซลล์ปักในสวน (สเเตนเลส)
A222: SP505-สีขาว | B222: ไฟโซล่าเซลล์ปักในสวน (สเเตนเลส)
A223: SP503 | B223: JIL S จิลเอส
A224: SP502 | B224: ตะไบขัดส้นเท้าสีส้ม SP502
A225: SP501 | B225: Philosoft Moist 24 Cream
A226: SP499 | B226: ที่เปิดฝากระป๋อง
A227: SP498-1กระปุก | B227: วิตามินผม Dr.Master (1 กระปุก)
A228: SP497-1ขวด | B228: เซรั่มผม Dr.master
A229: SP496-1ขวด | B229: ครีมนวดผม Dr.master
... A290: SP440 | B290: อ่างลับเล็บแมว
A291: SP438-สีฟ้า
A292: SP438-สีเหลือง
A293: SP437-1ชิ้น | B293: หวี DKUB Easy Comb
A294: SP436 | B294: ชุดไขควง
A295: SP434 | B295: น้ำมันม้า
A296: SP433 | B296: สปาเท้า & ครีมบำรุงเท้า
A297: SP432 | B297: ผงอกไก่ผสมเกสรผึ้ง
A298: SP430-6ดวง | B298: โซล่าเซลล์แบบใหม่
A299: SP430-4ดวง | B299: โซล่าเซลล์แบบใหม่
A300: SP429 | B300: ผงโรยอาหารแมว Liza
A301: SP428-1 | B301: หัวแปรงล้างรถ ขายเเยก
A302: SP428 | B302: แปรงล้างรถ
A303: SP427 | B303: Vistra salmon fish oil
A304: SP426 | B304: ตลับแป้งสีดำทรงเหลี่ยม
... A329: SP402-สีชมพู | B329: แปรงหวีขนสัตว์
A330: SP401-สีชมพู
A331: SP398-สีฟ้า | B331: ขวดให้น้ำสัตว์เลี้ยง
A332: SP398-สีชมพู | B332: ขวดให้น้ำสัตว์เลี้ยง
A333: SP397 | B333: ยางกัดสุนัข
A334: SP395-S-สีฟ้า | B334: เชือกจูงสุนัขแบบรัดหน้าอก เชือกจูงสุนัขพร้อมสายรัดอก เชืองจูงสัตว์เลี้ยง SP395
A335: SP395-S-สีดำ | B335: เชือกจูงสุนัขแบบรัดหน้าอก เชือกจูงสุนัขพร้อมสายรัดอก เชืองจูงสัตว์เลี้ยง SP395
A336: SP395-S-สีชมพู | B336: เชือกจูงสุนัขแบบรัดหน้าอก เชือกจูงสุนัขพร้อมสายรัดอก เชืองจูงสัตว์เลี้ยง SP395
A337: SP395-S-สีแดง | B337: เชือกจูงสุนัขแบบรัดหน้าอก เชือกจูงสุนัขพร้อมสายรัดอก เชืองจูงสัตว์เลี้ยง SP395
A338: SP395-M-สีฟ้า | B338: เชือกจูงสุนัขแบบรัดหน้าอก เชือกจูงสุนัขพร้อมสายรัดอก เชืองจูงสัตว์เลี้ยง SP395
A339: SP395-M-สีดำ | B339: เชือกจูงสุนัขแบบรัดหน้าอก เชือกจูงสุนัขพร้อมสายรัดอก เชืองจูงสัตว์เลี้ยง SP395
A340: SP395-M-สีชมพู | B340: เชือกจูงสุนัขแบบรัดหน้าอก เชือกจูงสุนัขพร้อมสายรัดอก เชืองจูงสัตว์เลี้ยง SP395
A341: SP395-M-สีแดง | B341: เชือกจูงสุนัขแบบรัดหน้าอก เชือกจูงสุนัขพร้อมสายรัดอก เชืองจูงสัตว์เลี้ยง SP395
A342: SP395-L-สีฟ้า | B342: เชือกจูงสุนัขแบบรัดหน้าอก เชือกจูงสุนัขพร้อมสายรัดอก เชืองจูงสัตว์เลี้ยง SP395
... A379: SP372 | B379: กรรไกรตัดเล็บน้องเเมว
A380: SP370
A381: SP369 | B381: รางบอลทาวเวอร์
A382: SP367-สีน้ำเงิน | B382: กระเป๋าสัตว์เลี้ยง
A383: SP367-สีชมพู | B383: กระเป๋าสัตว์เลี้ยง
A384: SP367-สีเทา | B384: กระเป๋าสัตว์เลี้ยง
A385: SP364-สีขาว | B385: ที่ตากขวดนม
A386: SP363 | B386: ที่ให้อาหารและน้ำสัตว์เลี้ยง
A387: SP362 | B387: ชุดเอี๊ยมอุ้มแมว
A388: SP361 | B388: ถาดหมุนเครื่องปรุง
A389: SP359 | B389: ไส้กรองฝักบัว
A390: SP358 | B390: ฝักบัวอาบน้ำแรงดันสูง
A391: SP357-ลายพี่สิงโต | B391: เบาะนั่งเด็ก
A392: SP357-ลายน้องกระต่าย | B392: เบาะนั่งเด็ก
... A428: SP305 | B428: กล่องเก็บผ้า
A429: SP297-แบบสั้น
A430: SP296 | B430: ผ้าคลุมกระจกรถยนต์
A431: SP295 | B431: ไม้ม็อบถูพื้น
A432: SP294-สีฟ้า | B432: กระเป๋าจัดระเบียบ 7in1
A433: SP294-สีน้ำเงิน | B433: กระเป๋าจัดระเบียบ 7in1
A434: SP294-สีดำ | B434: กระเป๋าจัดระเบียบ 7in1
A435: SP294-สีชมพู | B435: กระเป๋าจัดระเบียบ 7in1
A436: SP294-สีเทา | B436: กระเป๋าจัดระเบียบ 7in1
A437: SP290-สีดำ | B437: โถเก็บเมล็ดกาแฟ
A438: SP290-สีขาว | B438: โถเก็บเมล็ดกาแฟ
A439: SP289
A440: SP288-สีขาว | B440: ไหมขัดฟัน
A441: SP287 | B441: ช้อนชั่งตวงดิจิตอล
...
